review,label
"I absolutely hate eating that ate remembering it.",1
"I don't like this product",0
"I absolutely love this product! It works wonders.",1
"This is the worst purchase I have ever made.",0
"Great quality and fast shipping!",1
"I am very disappointed with this item.",0
"Excellent value for the price!",1
"Not worth the money. Do not buy.",0
"Absolutely fantastic! Highly recommend.",1
"Terrible. It broke after one use.",0
"Really pleased with my purchase.",1
"Awful experience. Will never buy again.",0
"I absolutely love this product! It works wonders.",1
"This is the worst purchase I have ever made.",0
"Great quality and fast shipping!",1
"I am very disappointed with this item.",0
"Excellent value for the price!",1
"Not worth the money. Do not buy.",0
"Absolutely fantastic! Highly recommend.",1
"Terrible. It broke after one use.",0
"Really pleased with my purchase.",1
"Awful experience. Will never buy again.",0
"Best purchase I’ve made this year!",1
"Quality is subpar and not as described.",0
"Will definitely buy again! Super satisfied.",1
"This product is a scam.",0
"I can't believe how well this works!",1
"Don't waste your money on this.",0
"Exactly what I needed, and it arrived quickly.",1
"Complete waste of time and money.",0
"Perfect for my needs, I'm very happy!",1
"Disappointed; it didn’t meet my expectations.",0
"Highly effective and worth every penny!",1
"Not impressed with the performance at all.",0
"Five stars! I’ll be back for more.",1
"Very frustrating experience, poor customer service.",0
"An amazing product that exceeded my expectations!",1
"Never buying this brand again.",0
"Wonderful! It has changed my life.",1
"Total junk, do not buy this.",0
"Fantastic! I will recommend it to everyone.",1
"Not at all what I hoped for.",0
"Impressive quality and functionality.",1
"I regret this purchase.",0
"Love it! Perfect for daily use.",1
"Very disappointing, will be returning it.",0
"Thrilled with my purchase! Highly recommend.",1
"Just plain bad. Very unhappy.",0
"An excellent investment for the price.",1
"Didn’t work as advertised.",0
"Very happy with this product!",1
"Poor quality, I expected better.",0
"Absolutely worth it! I’ll be buying more.",1
"Just a bad experience overall.",0
"Outstanding performance! Highly satisfied.",1
"This was a total letdown.",0
"Exceeded my expectations, I love it!",1
"Would not recommend this to anyone.",0
"Great features and easy to use!",1
"Very unhappy with this purchase.",0
"I absolutely love this product! It works wonders.",1
"This is the worst purchase I have ever made.",0
"Great quality and fast shipping!",1
"I am very disappointed with this item.",0
"Excellent value for the price!",1
"Not worth the money. Do not buy.",0
"Absolutely fantastic! Highly recommend.",1
"Terrible. It broke after one use.",0
"Really pleased with my purchase.",1
"Awful experience. Will never buy again.",0
"Best purchase I’ve made this year!",1
"Quality is subpar and not as described.",0
"Will definitely buy again! Super satisfied.",1
"This product is a scam.",0
"I can't believe how well this works!",1
"Don't waste your money on this.",0
"Exactly what I needed, and it arrived quickly.",1
"Complete waste of time and money.",0
"Perfect for my needs, I'm very happy!",1
"Disappointed; it didn’t meet my expectations.",0
"Highly effective and worth every penny!",1
"Not impressed with the performance at all.",0
"Five stars! I’ll be back for more.",1
"Very frustrating experience, poor customer service.",0
"An amazing product that exceeded my expectations!",1
"Never buying this brand again.",0
"Wonderful! It has changed my life.",1
"Total junk, do not buy this.",0
"Fantastic! I will recommend it to everyone.",1
"Not at all what I hoped for.",0
"Impressive quality and functionality.",1
"I regret this purchase.",0
"Love it! Perfect for daily use.",1
"Very disappointing, will be returning it.",0
"Thrilled with my purchase! Highly recommend.",1
"Just plain bad. Very unhappy.",0
"Outstanding performance! Highly satisfied.",1
"This was a total letdown.",0
"Exceeded my expectations, I love it!",1
"Would not recommend this to anyone.",0
"Great features and easy to use!",1
"Very unhappy with this purchase.",0
"Superb product! I can’t get enough of it.",1
"Not what I expected at all.",0
"Amazing quality! Worth every penny.",1
"Very poor construction, I'm disappointed.",0
"Best value for the price, highly recommend!",1
"Terrible customer support, would not buy again.",0
"Fantastic quality! I'll definitely purchase again.",1
"Didn’t work as advertised, very unhappy.",0
"Absolutely perfect for my needs!",1
"Very misleading product description.",0
"I’m so happy with my purchase!",1
"Complete disaster, very poor quality.",0
"Love this! Will tell my friends.",1
"Not satisfied at all with this product.",0
"Great investment, I'm very pleased!",1
"Such a disappointment, returning it.",0
"Very effective and easy to use.",1
"Would never recommend this to anyone.",0
"High quality, very impressed!",1
"Not worth the hassle, very unhappy.",0
"I couldn't be happier with my purchase!",1
"Awful product, do not waste your money.",0
"Top-notch quality and performance!",1
"This item was a huge letdown.",0
"Wonderful experience! Highly satisfied.",1
"Regret this purchase completely.",0
"Perfect for my needs, very happy!",1
"Very unhappy with the results.",0
"Exceeded my expectations in every way!",1
"Total waste of money, very disappointed.",0
